column,lower_bound,upper_bound,outliers_repaired
CO(GT),-1.5999999999999996,5.6,224
PT08.S1(CO),486.5,1690.5,103
NMHC(GT),275.0,275.0,1229
C6H6(GT),-9.899999999999999,28.5,242
PT08.S2(NMHC),161.5,1693.5,64
NOx(GT),-249.0,671.0,432
PT08.S3(NOx),183.0,1439.0,239
NO2(GT),-14.47202797202796,226.78671328671328,165
PT08.S4(NO2),565.5,2329.5,108
PT08.S5(O3),-107.0,2133.0,71
T,-7.200000000000003,43.2,3
RH,-3.950000000000003,102.05,0
AH,-0.12930000000000008,2.1683,4
